year,market_value_billion_usd,cagr_pct,segment
2019,75.64,,-
2020,70.17,,-
2021,79.43,,-
2022,80.22,,-
2023,92.48,,-
2024,97.32,,-
2025,101.99,6.5,forecast
2026,106.50,6.5,forecast
2027,113.00,6.5,forecast
2028,120.00,6.5,forecast
2029,120.50,6.5,forecast
2030,140.00,6.5,forecast
2031,160.00,6.5,forecast
2032,180.00,6.5,forecast
2033,250.00,7.0,forecast
