year,sports_jersey_market_billion_usd,football_jersey_market_billion_usd,womens_jersey_growth_pct,custom_jersey_growth_pct,tournament_spike_pct
2023,12.5,6.92,,,
2024,13.0,7.20,,,
2025,13.5,7.50,40,,
2026,14.5,8.20,,30,40
2027,15.5,8.80,,,
2028,16.8,9.40,,,
2029,18.0,9.90,,,
2030,19.2,10.30,,,
2031,20.0,10.90,,,
2032,20.8,11.50,,,
2033,21.5,12.00,,,
